,Chave,Valor
0,/agrilearn_app/datasets/from_test_to_train/eopatch/input_model/start_2021-11-01_end_2022-08-01_monitoring_class_CORN_epsg4326_minxymaxxy_-47dot01812677243253_-4dot99018384840582_-47dot01097235439062_-4dot984017167458262_576_2/eopatch_0_col-0_row-0,index 0 is out of bounds for axis 0 with size 0
1,/agrilearn_app/datasets/from_test_to_train/eopatch/input_model/start_2021-12-01_end_2022-09-01_monitoring_class_COTTON_epsg4326_minxymaxxy_-46dot78231794711553_-8dot230909165125809_-46dot71669408106692_-8dot12351405273131_1_24/eopatch_0_col-0_row-0,index 0 is out of bounds for axis 0 with size 0
2,/agrilearn_app/datasets/from_test_to_train/eopatch/input_model/start_2020-12-01_end_2021-09-01_monitoring_class_COTTON_epsg4326_minxymaxxy_-46dot74711243159339_-8dot156562064987272_-46dot71669408106692_-8dot12351405363063_2_6/eopatch_0_col-0_row-0,index 0 is out of bounds for axis 0 with size 0
3,/agrilearn_app/datasets/from_test_to_train/eopatch/input_model/start_2021-12-01_end_2022-10-01_monitoring_class_COTTON_epsg4326_minxymaxxy_-54dot037147614870484_-16dot82815847343477_-53dot99117541941001_-16dot791018018866453_86_12/eopatch_0_col-0_row-0,index 0 is out of bounds for axis 0 with size 0
4,/agrilearn_app/datasets/from_test_to_train/eopatch/input_model/start_2020-12-01_end_2021-10-01_monitoring_class_COTTON_epsg4326_minxymaxxy_-54dot04006592570187_-16dot81486924372058_-53dot99117541941001_-16dot791018018866453_87_12/eopatch_0_col-0_row-0,index 0 is out of bounds for axis 0 with size 0
5,/agrilearn_app/datasets/from_test_to_train/eopatch/input_model/start_2020-12-01_end_2021-10-01_monitoring_class_COTTON_epsg4326_minxymaxxy_-54dot04006592570187_-16dot81486924372058_-53dot99117541941001_-16dot791018018866453_87_15/eopatch_0_col-0_row-0,index 0 is out of bounds for axis 0 with size 0
6,/agrilearn_app/datasets/from_test_to_train/eopatch/input_model/start_2021-12-01_end_2022-10-01_monitoring_class_COTTON_epsg4326_minxymaxxy_-52dot808752078545524_-18dot64620584432419_-52dot77099610728447_-18dot633505105775953_104_3/eopatch_0_col-0_row-0,index 0 is out of bounds for axis 0 with size 0
7,/agrilearn_app/datasets/from_test_to_train/eopatch/input_model/start_2021-12-01_end_2022-10-01_monitoring_class_COTTON_epsg4326_minxymaxxy_-52dot550901422062964_-18dot44647460711735_-52dot52966933327309_-18dot43272742553023_102_6/eopatch_0_col-0_row-0,index 0 is out of bounds for axis 0 with size 0
8,/agrilearn_app/datasets/from_test_to_train/eopatch/input_model/start_2021-12-01_end_2022-10-01_monitoring_class_COTTON_epsg4326_minxymaxxy_-52dot808752078545524_-18dot64620584432419_-52dot77099610728447_-18dot633505105775953_104_7/eopatch_0_col-0_row-0,index 0 is out of bounds for axis 0 with size 0
9,/agrilearn_app/datasets/from_test_to_train/eopatch/input_model/start_2021-10-01_end_2022-06-01_monitoring_class_SOYBEAN_epsg4326_minxymaxxy_-53dot00564450678855_-28dot626792822130998_-52dot91651945271053_-28dot576636479589805_742_101/eopatch_0_col-0_row-0,index 0 is out of bounds for axis 0 with size 0
10,/agrilearn_app/datasets/from_test_to_train/eopatch/input_model/start_2021-11-01_end_2022-07-01_monitoring_class_CORN_epsg4326_minxymaxxy_-48dot31130810648386_-6dot865742053852669_-48dot29567623097324_-6dot839499716039027_550_4/eopatch_0_col-0_row-0,index 0 is out of bounds for axis 0 with size 0
11,/agrilearn_app/datasets/from_test_to_train/eopatch/input_model/start_2020-11-01_end_2021-07-01_monitoring_class_CORN_epsg4326_minxymaxxy_-48dot468780042464964_-9dot37770545394352_-48dot45809726837421_-9dot370417609784793_553_2/eopatch_0_col-0_row-0,index 0 is out of bounds for axis 0 with size 0
12,/agrilearn_app/datasets/from_test_to_train/eopatch/input_model/start_2020-11-01_end_2021-07-01_monitoring_class_CORN_epsg4326_minxymaxxy_-48dot11422282852067_-11dot661067029219964_-48dot102694349964224_-11dot65396671619095_570_1/eopatch_0_col-0_row-0,index 0 is out of bounds for axis 0 with size 0
13,/agrilearn_app/datasets/from_test_to_train/eopatch/input_model/start_2020-09-01_end_2021-06-01_monitoring_class_CORN_epsg4326_minxymaxxy_-57dot49382212978742_-19dot404365323400896_-57dot44824180761327_-19dot350835793836776_1187_0/eopatch_0_col-0_row-0,index 0 is out of bounds for axis 0 with size 0
14,/agrilearn_app/datasets/from_test_to_train/eopatch/input_model/start_2020-09-01_end_2021-06-01_monitoring_class_CORN_epsg4326_minxymaxxy_-54dot989122115892876_-19dot476640559114458_-54dot97589260835713_-19dot46725608050366_1195_1/eopatch_0_col-0_row-0,index 0 is out of bounds for axis 0 with size 0
15,/agrilearn_app/datasets/from_test_to_train/eopatch/input_model/start_2020-10-01_end_2021-06-01_monitoring_class_CORN_epsg4326_minxymaxxy_-55dot53646248855296_-11dot584802305581887_-55dot517830214792525_-11dot562495128547313_1230_1/eopatch_0_col-0_row-0,index 0 is out of bounds for axis 0 with size 0
16,/agrilearn_app/datasets/from_test_to_train/eopatch/input_model/start_2020-10-01_end_2021-06-01_monitoring_class_CORN_epsg4326_minxymaxxy_-55dot49823449552547_-11dot597866115728607_-55dot47721965866025_-11dot577213308147632_1231_4/eopatch_0_col-0_row-0,index 0 is out of bounds for axis 0 with size 0
17,/agrilearn_app/datasets/from_test_to_train/eopatch/input_model/start_2021-10-01_end_2022-06-01_monitoring_class_CORN_epsg4326_minxymaxxy_-53dot38047665747171_-13dot039876321734825_-53dot34013208482781_-13dot000070110247348_1233_9/eopatch_0_col-0_row-0,index 0 is out of bounds for axis 0 with size 0
18,/agrilearn_app/datasets/from_test_to_train/eopatch/input_model/start_2020-10-01_end_2021-06-01_monitoring_class_CORN_epsg4326_minxymaxxy_-58dot44418753053008_-15dot500935373568606_-58dot43586196225971_-15dot495614892613162_1248_0/eopatch_0_col-0_row-0,index 0 is out of bounds for axis 0 with size 0
19,/agrilearn_app/datasets/from_test_to_train/eopatch/input_model/start_2020-10-01_end_2021-06-01_monitoring_class_CORN_epsg4326_minxymaxxy_-54dot50757620078098_-15dot256048722270695_-54dot48363010374623_-15dot251021518328344_1255_0/eopatch_0_col-0_row-0,index 0 is out of bounds for axis 0 with size 0
20,/agrilearn_app/datasets/from_test_to_train/eopatch/input_model/start_2020-10-01_end_2021-06-01_monitoring_class_CORN_epsg4326_minxymaxxy_-54dot50757620078098_-15dot256048722270695_-54dot48363010374623_-15dot251021518328344_1255_2/eopatch_0_col-0_row-0,index 0 is out of bounds for axis 0 with size 0
21,/agrilearn_app/datasets/from_test_to_train/eopatch/input_model/start_2020-10-01_end_2021-06-01_monitoring_class_CORN_epsg4326_minxymaxxy_-53dot89249134629852_-15dot781772878715337_-53dot88608110825651_-15dot767906449722826_1258_6/eopatch_0_col-0_row-0,index 0 is out of bounds for axis 0 with size 0
22,/agrilearn_app/datasets/from_test_to_train/eopatch/input_model/start_2020-09-01_end_2021-07-01_monitoring_class_CORN_epsg4326_minxymaxxy_-49dot03645474129325_-14dot193716624222757_-49dot02617546962215_-14dot184769851047747_1279_3/eopatch_0_col-0_row-0,index 0 is out of bounds for axis 0 with size 0
23,/agrilearn_app/datasets/from_test_to_train/eopatch/input_model/start_2020-09-01_end_2021-07-01_monitoring_class_CORN_epsg4326_minxymaxxy_-49dot03645474129325_-14dot193716624222757_-49dot02617546962215_-14dot184769851047747_1279_5/eopatch_0_col-0_row-0,index 0 is out of bounds for axis 0 with size 0
24,/agrilearn_app/datasets/from_test_to_train/eopatch/input_model/start_2020-11-01_end_2021-08-01_monitoring_class_CORN_epsg4326_minxymaxxy_-44dot59460801824542_-8dot27307856382464_-44dot57195554920917_-8dot25080680838744_609_2/eopatch_0_col-0_row-0,index 0 is out of bounds for axis 0 with size 0
25,/agrilearn_app/datasets/from_test_to_train/eopatch/input_model/start_2020-11-01_end_2021-08-01_monitoring_class_CORN_epsg4326_minxymaxxy_-44dot6288845403892_-8dot661161792282826_-44dot54238315405927_-8dot625585367570638_617_5/eopatch_0_col-0_row-0,index 0 is out of bounds for axis 0 with size 0
26,/agrilearn_app/datasets/from_test_to_train/eopatch/input_model/start_2020-11-01_end_2021-08-01_monitoring_class_CORN_epsg4326_minxymaxxy_-44dot6288845403892_-8dot661161792282826_-44dot54238315405927_-8dot625585367570638_617_8/eopatch_0_col-0_row-0,index 0 is out of bounds for axis 0 with size 0
27,/agrilearn_app/datasets/from_test_to_train/eopatch/input_model/start_2020-11-01_end_2021-08-01_monitoring_class_CORN_epsg4326_minxymaxxy_-44dot6288845403892_-8dot661161792282826_-44dot54238315405927_-8dot625585367570638_617_11/eopatch_0_col-0_row-0,index 0 is out of bounds for axis 0 with size 0
28,/agrilearn_app/datasets/from_test_to_train/eopatch/input_model/start_2020-08-01_end_2021-07-01_monitoring_class_CORN_epsg4326_minxymaxxy_-48dot74918143757327_-19dot960158526494748_-48dot74240955155948_-19dot954633346351784_669_1/eopatch_0_col-0_row-0,index 0 is out of bounds for axis 0 with size 0
29,/agrilearn_app/datasets/from_test_to_train/eopatch/input_model/start_2020-09-01_end_2021-06-01_monitoring_class_CORN_epsg4326_minxymaxxy_-57dot49382212978742_-19dot404365323400896_-57dot44824180761327_-19dot350835793836776_1187_3/eopatch_0_col-0_row-0,index 0 is out of bounds for axis 0 with size 0
30,/agrilearn_app/datasets/from_test_to_train/eopatch/input_model/start_2020-09-01_end_2021-06-01_monitoring_class_CORN_epsg4326_minxymaxxy_-57dot49382212978742_-19dot404365323400896_-57dot44824180761327_-19dot350835793836776_1187_5/eopatch_0_col-0_row-0,index 0 is out of bounds for axis 0 with size 0
31,/agrilearn_app/datasets/from_test_to_train/eopatch/input_model/start_2020-09-01_end_2021-06-01_monitoring_class_CORN_epsg4326_minxymaxxy_-57dot49382212978742_-19dot404365323400896_-57dot44824180761327_-19dot350835793836776_1187_25/eopatch_0_col-0_row-0,index 0 is out of bounds for axis 0 with size 0
32,/agrilearn_app/datasets/from_test_to_train/eopatch/input_model/start_2020-09-01_end_2021-06-01_monitoring_class_CORN_epsg4326_minxymaxxy_-54dot60494312862244_-18dot016844848610848_-54dot601656370045426_-18dot00562121414765_1188_0/eopatch_0_col-0_row-0,index 0 is out of bounds for axis 0 with size 0
33,/agrilearn_app/datasets/from_test_to_train/eopatch/input_model/start_2020-10-01_end_2021-06-01_monitoring_class_CORN_epsg4326_minxymaxxy_-55dot49823449552547_-11dot597866115728607_-55dot47721965866025_-11dot577213308147632_1231_5/eopatch_0_col-0_row-0,index 0 is out of bounds for axis 0 with size 0
34,/agrilearn_app/datasets/from_test_to_train/eopatch/input_model/start_2020-10-01_end_2021-06-01_monitoring_class_CORN_epsg4326_minxymaxxy_-57dot011251882368406_-14dot45166630685452_-57dot005799358453594_-14dot443735362896627_1251_1/eopatch_0_col-0_row-0,index 0 is out of bounds for axis 0 with size 0
35,/agrilearn_app/datasets/from_test_to_train/eopatch/input_model/start_2020-09-01_end_2021-07-01_monitoring_class_CORN_epsg4326_minxymaxxy_-52dot03569395741016_-16dot190999291683905_-52dot02537634224438_-16dot175730617274098_1273_6/eopatch_0_col-0_row-0,index 0 is out of bounds for axis 0 with size 0
36,/agrilearn_app/datasets/from_test_to_train/eopatch/input_model/start_2020-09-01_end_2021-07-01_monitoring_class_CORN_epsg4326_minxymaxxy_-49dot03645474129325_-14dot193716624222757_-49dot02617546962215_-14dot184769851047747_1279_1/eopatch_0_col-0_row-0,index 0 is out of bounds for axis 0 with size 0
37,/agrilearn_app/datasets/from_test_to_train/eopatch/input_model/start_2020-12-01_end_2021-09-01_monitoring_class_COTTON_epsg4326_minxymaxxy_-46dot78568568064958_-8dot243143782359596_-46dot74844745268774_-8dot186405882725238_0_3/eopatch_0_col-0_row-0,index 0 is out of bounds for axis 0 with size 0
38,/agrilearn_app/datasets/from_test_to_train/eopatch/input_model/start_2020-12-01_end_2021-09-01_monitoring_class_COTTON_epsg4326_minxymaxxy_-46dot78568568064958_-8dot243143782359596_-46dot74844745268774_-8dot186405882725238_0_6/eopatch_0_col-0_row-0,index 0 is out of bounds for axis 0 with size 0
39,/agrilearn_app/datasets/from_test_to_train/eopatch/input_model/start_2020-12-01_end_2021-09-01_monitoring_class_COTTON_epsg4326_minxymaxxy_-46dot78568568064958_-8dot243143782359596_-46dot74844745268774_-8dot186405882725238_0_9/eopatch_0_col-0_row-0,index 0 is out of bounds for axis 0 with size 0
40,/agrilearn_app/datasets/from_test_to_train/eopatch/input_model/start_2020-12-01_end_2021-09-01_monitoring_class_COTTON_epsg4326_minxymaxxy_-46dot78568568064958_-8dot243143782359596_-46dot74844745268774_-8dot186405882725238_0_11/eopatch_0_col-0_row-0,index 0 is out of bounds for axis 0 with size 0
41,/agrilearn_app/datasets/from_test_to_train/eopatch/input_model/start_2020-12-01_end_2021-09-01_monitoring_class_COTTON_epsg4326_minxymaxxy_-46dot78568568064958_-8dot243143782359596_-46dot74844745268774_-8dot186405882725238_0_15/eopatch_0_col-0_row-0,index 0 is out of bounds for axis 0 with size 0
42,/agrilearn_app/datasets/from_test_to_train/eopatch/input_model/start_2020-12-01_end_2021-09-01_monitoring_class_COTTON_epsg4326_minxymaxxy_-46dot78568568064958_-8dot243143782359596_-46dot74844745268774_-8dot186405882725238_0_17/eopatch_0_col-0_row-0,index 0 is out of bounds for axis 0 with size 0
43,/agrilearn_app/datasets/from_test_to_train/eopatch/input_model/start_2021-12-01_end_2022-09-01_monitoring_class_COTTON_epsg4326_minxymaxxy_-46dot78231794711553_-8dot230909165125809_-46dot71669408106692_-8dot12351405273131_1_5/eopatch_0_col-0_row-0,index 0 is out of bounds for axis 0 with size 0
44,/agrilearn_app/datasets/from_test_to_train/eopatch/input_model/start_2021-12-01_end_2022-09-01_monitoring_class_COTTON_epsg4326_minxymaxxy_-46dot78231794711553_-8dot230909165125809_-46dot71669408106692_-8dot12351405273131_1_10/eopatch_0_col-0_row-0,index 0 is out of bounds for axis 0 with size 0
45,/agrilearn_app/datasets/from_test_to_train/eopatch/input_model/start_2021-12-01_end_2022-09-01_monitoring_class_COTTON_epsg4326_minxymaxxy_-46dot78231794711553_-8dot230909165125809_-46dot71669408106692_-8dot12351405273131_1_14/eopatch_0_col-0_row-0,index 0 is out of bounds for axis 0 with size 0
46,/agrilearn_app/datasets/from_test_to_train/eopatch/input_model/start_2021-12-01_end_2022-09-01_monitoring_class_COTTON_epsg4326_minxymaxxy_-46dot78231794711553_-8dot230909165125809_-46dot71669408106692_-8dot12351405273131_1_17/eopatch_0_col-0_row-0,index 0 is out of bounds for axis 0 with size 0
47,/agrilearn_app/datasets/from_test_to_train/eopatch/input_model/start_2021-12-01_end_2022-09-01_monitoring_class_COTTON_epsg4326_minxymaxxy_-46dot78231794711553_-8dot230909165125809_-46dot71669408106692_-8dot12351405273131_1_25/eopatch_0_col-0_row-0,index 0 is out of bounds for axis 0 with size 0
48,/agrilearn_app/datasets/from_test_to_train/eopatch/input_model/start_2021-12-01_end_2022-09-01_monitoring_class_COTTON_epsg4326_minxymaxxy_-46dot78231794711553_-8dot230909165125809_-46dot71669408106692_-8dot12351405273131_1_27/eopatch_0_col-0_row-0,index 0 is out of bounds for axis 0 with size 0
49,/agrilearn_app/datasets/from_test_to_train/eopatch/input_model/start_2021-12-01_end_2022-09-01_monitoring_class_COTTON_epsg4326_minxymaxxy_-46dot78231794711553_-8dot230909165125809_-46dot71669408106692_-8dot12351405273131_1_28/eopatch_0_col-0_row-0,index 0 is out of bounds for axis 0 with size 0
50,/agrilearn_app/datasets/from_test_to_train/eopatch/input_model/start_2021-12-01_end_2022-09-01_monitoring_class_COTTON_epsg4326_minxymaxxy_-46dot78231794711553_-8dot230909165125809_-46dot71669408106692_-8dot12351405273131_1_30/eopatch_0_col-0_row-0,index 0 is out of bounds for axis 0 with size 0
51,/agrilearn_app/datasets/from_test_to_train/eopatch/input_model/start_2020-12-01_end_2021-09-01_monitoring_class_COTTON_epsg4326_minxymaxxy_-46dot599295392268516_-11dot514298258557742_-46dot53332344542065_-11dot455421001278125_3_6/eopatch_0_col-0_row-0,index 0 is out of bounds for axis 0 with size 0
52,/agrilearn_app/datasets/from_test_to_train/eopatch/input_model/start_2021-12-01_end_2022-09-01_monitoring_class_COTTON_epsg4326_minxymaxxy_-46dot59045562762509_-11dot52173268861264_-46dot45943917148053_-11dot4378771131382_4_6/eopatch_0_col-0_row-0,index 0 is out of bounds for axis 0 with size 0
53,/agrilearn_app/datasets/from_test_to_train/eopatch/input_model/start_2021-12-01_end_2022-09-01_monitoring_class_COTTON_epsg4326_minxymaxxy_-46dot59045562762509_-11dot52173268861264_-46dot45943917148053_-11dot4378771131382_4_7/eopatch_0_col-0_row-0,index 0 is out of bounds for axis 0 with size 0
54,/agrilearn_app/datasets/from_test_to_train/eopatch/input_model/start_2021-12-01_end_2022-09-01_monitoring_class_COTTON_epsg4326_minxymaxxy_-46dot59045562762509_-11dot52173268861264_-46dot45943917148053_-11dot4378771131382_4_13/eopatch_0_col-0_row-0,index 0 is out of bounds for axis 0 with size 0
55,/agrilearn_app/datasets/from_test_to_train/eopatch/input_model/start_2021-12-01_end_2022-09-01_monitoring_class_COTTON_epsg4326_minxymaxxy_-46dot59045562762509_-11dot52173268861264_-46dot45943917148053_-11dot4378771131382_4_24/eopatch_0_col-0_row-0,index 0 is out of bounds for axis 0 with size 0
56,/agrilearn_app/datasets/from_test_to_train/eopatch/input_model/start_2020-12-01_end_2021-09-01_monitoring_class_COTTON_epsg4326_minxymaxxy_-44dot88730205394659_-7dot604269597064217_-44dot82881671312077_-7dot528658723721094_10_5/eopatch_0_col-0_row-0,index 0 is out of bounds for axis 0 with size 0
57,/agrilearn_app/datasets/from_test_to_train/eopatch/input_model/start_2020-12-01_end_2021-09-01_monitoring_class_COTTON_epsg4326_minxymaxxy_-44dot88730205394659_-7dot604269597064217_-44dot82881671312077_-7dot528658723721094_10_9/eopatch_0_col-0_row-0,index 0 is out of bounds for axis 0 with size 0
58,/agrilearn_app/datasets/from_test_to_train/eopatch/input_model/start_2020-12-01_end_2021-09-01_monitoring_class_COTTON_epsg4326_minxymaxxy_-44dot88730205394659_-7dot604269597064217_-44dot82881671312077_-7dot528658723721094_10_14/eopatch_0_col-0_row-0,index 0 is out of bounds for axis 0 with size 0
59,/agrilearn_app/datasets/from_test_to_train/eopatch/input_model/start_2021-12-01_end_2022-09-01_monitoring_class_COTTON_epsg4326_minxymaxxy_-44dot1695142665701_-7dot3981103359232065_-44dot14857698993609_-7dot3704930075462025_11_5/eopatch_0_col-0_row-0,index 0 is out of bounds for axis 0 with size 0
60,/agrilearn_app/datasets/from_test_to_train/eopatch/input_model/start_2021-12-01_end_2022-09-01_monitoring_class_COTTON_epsg4326_minxymaxxy_-45dot614498186142335_-10dot11224694014413_-45dot602065226129234_-10dot103517365833738_12_1/eopatch_0_col-0_row-0,index 0 is out of bounds for axis 0 with size 0
61,/agrilearn_app/datasets/from_test_to_train/eopatch/input_model/start_2021-12-01_end_2022-09-01_monitoring_class_COTTON_epsg4326_minxymaxxy_-45dot44741116199549_-10dot567039278040225_-45dot41703367846145_-10dot49226985447018_14_1/eopatch_0_col-0_row-0,index 0 is out of bounds for axis 0 with size 0
62,/agrilearn_app/datasets/from_test_to_train/eopatch/input_model/start_2020-11-01_end_2021-10-01_monitoring_class_COTTON_epsg4326_minxymaxxy_-45dot67139470550119_-13dot340324317513195_-45dot64408813875656_-13dot321739185315094_21_5/eopatch_0_col-0_row-0,index 0 is out of bounds for axis 0 with size 0
63,/agrilearn_app/datasets/from_test_to_train/eopatch/input_model/start_2020-11-01_end_2021-10-01_monitoring_class_COTTON_epsg4326_minxymaxxy_-45dot91062587388495_-13dot707373986120498_-45dot87305367458737_-13dot649966047495072_23_8/eopatch_0_col-0_row-0,index 0 is out of bounds for axis 0 with size 0
64,/agrilearn_app/datasets/from_test_to_train/eopatch/input_model/start_2020-11-01_end_2021-10-01_monitoring_class_COTTON_epsg4326_minxymaxxy_-45dot91062587388495_-13dot707373986120498_-45dot87305367458737_-13dot649966047495072_23_11/eopatch_0_col-0_row-0,index 0 is out of bounds for axis 0 with size 0
65,/agrilearn_app/datasets/from_test_to_train/eopatch/input_model/start_2020-11-01_end_2021-09-01_monitoring_class_COTTON_epsg4326_minxymaxxy_-46dot80587985647014_-15dot449466555936738_-46dot72849008005312_-15dot388197302563414_25_2/eopatch_0_col-0_row-0,index 0 is out of bounds for axis 0 with size 0
66,/agrilearn_app/datasets/from_test_to_train/eopatch/input_model/start_2020-11-01_end_2021-09-01_monitoring_class_COTTON_epsg4326_minxymaxxy_-46dot80587985647014_-15dot449466555936738_-46dot72849008005312_-15dot388197302563414_25_3/eopatch_0_col-0_row-0,index 0 is out of bounds for axis 0 with size 0
67,/agrilearn_app/datasets/from_test_to_train/eopatch/input_model/start_2020-11-01_end_2021-09-01_monitoring_class_COTTON_epsg4326_minxymaxxy_-46dot80587985647014_-15dot449466555936738_-46dot72849008005312_-15dot388197302563414_25_4/eopatch_0_col-0_row-0,index 0 is out of bounds for axis 0 with size 0
68,/agrilearn_app/datasets/from_test_to_train/eopatch/input_model/start_2020-11-01_end_2021-09-01_monitoring_class_COTTON_epsg4326_minxymaxxy_-46dot80587985647014_-15dot449466555936738_-46dot72849008005312_-15dot388197302563414_25_5/eopatch_0_col-0_row-0,index 0 is out of bounds for axis 0 with size 0
69,/agrilearn_app/datasets/from_test_to_train/eopatch/input_model/start_2020-11-01_end_2021-09-01_monitoring_class_COTTON_epsg4326_minxymaxxy_-46dot80587985647014_-15dot449466555936738_-46dot72849008005312_-15dot388197302563414_25_6/eopatch_0_col-0_row-0,index 0 is out of bounds for axis 0 with size 0
70,/agrilearn_app/datasets/from_test_to_train/eopatch/input_model/start_2020-11-01_end_2021-09-01_monitoring_class_COTTON_epsg4326_minxymaxxy_-46dot80587985647014_-15dot449466555936738_-46dot72849008005312_-15dot388197302563414_25_10/eopatch_0_col-0_row-0,index 0 is out of bounds for axis 0 with size 0
71,/agrilearn_app/datasets/from_test_to_train/eopatch/input_model/start_2020-11-01_end_2021-09-01_monitoring_class_COTTON_epsg4326_minxymaxxy_-46dot68915788952494_-16dot13215508359019_-46dot597313603040334_-16dot079283716570217_27_7/eopatch_0_col-0_row-0,index 0 is out of bounds for axis 0 with size 0
72,/agrilearn_app/datasets/from_test_to_train/eopatch/input_model/start_2020-11-01_end_2021-09-01_monitoring_class_COTTON_epsg4326_minxymaxxy_-46dot68915788952494_-16dot13215508359019_-46dot597313603040334_-16dot079283716570217_27_8/eopatch_0_col-0_row-0,index 0 is out of bounds for axis 0 with size 0
73,/agrilearn_app/datasets/from_test_to_train/eopatch/input_model/start_2020-11-01_end_2021-09-01_monitoring_class_COTTON_epsg4326_minxymaxxy_-46dot68915788952494_-16dot13215508359019_-46dot597313603040334_-16dot079283716570217_27_9/eopatch_0_col-0_row-0,index 0 is out of bounds for axis 0 with size 0
74,/agrilearn_app/datasets/from_test_to_train/eopatch/input_model/start_2020-11-01_end_2021-09-01_monitoring_class_COTTON_epsg4326_minxymaxxy_-46dot68915788952494_-16dot13215508359019_-46dot597313603040334_-16dot079283716570217_27_11/eopatch_0_col-0_row-0,index 0 is out of bounds for axis 0 with size 0
75,/agrilearn_app/datasets/from_test_to_train/eopatch/input_model/start_2020-11-01_end_2021-09-01_monitoring_class_COTTON_epsg4326_minxymaxxy_-46dot68915788952494_-16dot13215508359019_-46dot597313603040334_-16dot079283716570217_27_13/eopatch_0_col-0_row-0,index 0 is out of bounds for axis 0 with size 0
76,/agrilearn_app/datasets/from_test_to_train/eopatch/input_model/start_2020-11-01_end_2021-09-01_monitoring_class_COTTON_epsg4326_minxymaxxy_-46dot68915788952494_-16dot13215508359019_-46dot597313603040334_-16dot079283716570217_27_21/eopatch_0_col-0_row-0,index 0 is out of bounds for axis 0 with size 0
77,/agrilearn_app/datasets/from_test_to_train/eopatch/input_model/start_2020-11-01_end_2021-09-01_monitoring_class_COTTON_epsg4326_minxymaxxy_-47dot44139386883194_-17dot375341133786264_-47dot40939321062813_-17dot346289316598643_28_3/eopatch_0_col-0_row-0,index 0 is out of bounds for axis 0 with size 0
78,/agrilearn_app/datasets/from_test_to_train/eopatch/input_model/start_2020-11-01_end_2021-09-01_monitoring_class_COTTON_epsg4326_minxymaxxy_-47dot44139386883194_-17dot375341133786264_-47dot40939321062813_-17dot346289316598643_28_10/eopatch_0_col-0_row-0,index 0 is out of bounds for axis 0 with size 0
79,/agrilearn_app/datasets/from_test_to_train/eopatch/input_model/start_2020-11-01_end_2021-09-01_monitoring_class_COTTON_epsg4326_minxymaxxy_-47dot44139386883194_-17dot375341133786264_-47dot40939321062813_-17dot346289316598643_28_11/eopatch_0_col-0_row-0,index 0 is out of bounds for axis 0 with size 0
80,/agrilearn_app/datasets/from_test_to_train/eopatch/input_model/start_2020-11-01_end_2021-09-01_monitoring_class_COTTON_epsg4326_minxymaxxy_-47dot44139386883194_-17dot375341133786264_-47dot40939321062813_-17dot346289316598643_28_12/eopatch_0_col-0_row-0,index 0 is out of bounds for axis 0 with size 0
81,/agrilearn_app/datasets/from_test_to_train/eopatch/input_model/start_2020-11-01_end_2021-09-01_monitoring_class_COTTON_epsg4326_minxymaxxy_-47dot44139386883194_-17dot375341133786264_-47dot40939321062813_-17dot346289316598643_28_13/eopatch_0_col-0_row-0,index 0 is out of bounds for axis 0 with size 0
82,/agrilearn_app/datasets/from_test_to_train/eopatch/input_model/start_2020-11-01_end_2021-09-01_monitoring_class_COTTON_epsg4326_minxymaxxy_-47dot44139386883194_-17dot375341133786264_-47dot40939321062813_-17dot346289316598643_28_14/eopatch_0_col-0_row-0,index 0 is out of bounds for axis 0 with size 0
83,/agrilearn_app/datasets/from_test_to_train/eopatch/input_model/start_2020-11-01_end_2021-09-01_monitoring_class_COTTON_epsg4326_minxymaxxy_-47dot44139386883194_-17dot375341133786264_-47dot40939321062813_-17dot346289316598643_28_15/eopatch_0_col-0_row-0,index 0 is out of bounds for axis 0 with size 0
84,/agrilearn_app/datasets/from_test_to_train/eopatch/input_model/start_2020-11-01_end_2021-09-01_monitoring_class_COTTON_epsg4326_minxymaxxy_-47dot44139386883194_-17dot375341133786264_-47dot40939321062813_-17dot346289316598643_28_16/eopatch_0_col-0_row-0,index 0 is out of bounds for axis 0 with size 0
85,/agrilearn_app/datasets/from_test_to_train/eopatch/input_model/start_2020-11-01_end_2021-09-01_monitoring_class_COTTON_epsg4326_minxymaxxy_-46dot48529224673973_-18dot24904387617391_-46dot44390047382773_-18dot211385386026677_30_5/eopatch_0_col-0_row-0,index 0 is out of bounds for axis 0 with size 0
86,/agrilearn_app/datasets/from_test_to_train/eopatch/input_model/start_2020-11-01_end_2021-09-01_monitoring_class_COTTON_epsg4326_minxymaxxy_-46dot48529224673973_-18dot24904387617391_-46dot44390047382773_-18dot211385386026677_30_7/eopatch_0_col-0_row-0,index 0 is out of bounds for axis 0 with size 0
87,/agrilearn_app/datasets/from_test_to_train/eopatch/input_model/start_2020-11-01_end_2021-09-01_monitoring_class_COTTON_epsg4326_minxymaxxy_-46dot48529224673973_-18dot24904387617391_-46dot44390047382773_-18dot211385386026677_30_11/eopatch_0_col-0_row-0,index 0 is out of bounds for axis 0 with size 0
88,/agrilearn_app/datasets/from_test_to_train/eopatch/input_model/start_2020-11-01_end_2021-09-01_monitoring_class_COTTON_epsg4326_minxymaxxy_-46dot48529224673973_-18dot24904387617391_-46dot44390047382773_-18dot211385386026677_30_12/eopatch_0_col-0_row-0,index 0 is out of bounds for axis 0 with size 0
89,/agrilearn_app/datasets/from_test_to_train/eopatch/input_model/start_2021-11-01_end_2022-09-01_monitoring_class_COTTON_epsg4326_minxymaxxy_-46dot492714405545314_-18dot136621832331628_-46dot458862387689_-18dot122293035794936_32_6/eopatch_0_col-0_row-0,index 0 is out of bounds for axis 0 with size 0
90,/agrilearn_app/datasets/from_test_to_train/eopatch/input_model/start_2021-11-01_end_2022-09-01_monitoring_class_COTTON_epsg4326_minxymaxxy_-46dot492714405545314_-18dot136621832331628_-46dot458862387689_-18dot122293035794936_32_8/eopatch_0_col-0_row-0,index 0 is out of bounds for axis 0 with size 0
91,/agrilearn_app/datasets/from_test_to_train/eopatch/input_model/start_2021-11-01_end_2022-09-01_monitoring_class_COTTON_epsg4326_minxymaxxy_-45dot413053521902505_-17dot73687441941888_-45dot383806753278975_-17dot71711170953773_34_2/eopatch_0_col-0_row-0,index 0 is out of bounds for axis 0 with size 0
92,/agrilearn_app/datasets/from_test_to_train/eopatch/input_model/start_2021-11-01_end_2022-09-01_monitoring_class_COTTON_epsg4326_minxymaxxy_-45dot413053521902505_-17dot73687441941888_-45dot383806753278975_-17dot71711170953773_34_4/eopatch_0_col-0_row-0,index 0 is out of bounds for axis 0 with size 0
93,/agrilearn_app/datasets/from_test_to_train/eopatch/input_model/start_2021-11-01_end_2022-09-01_monitoring_class_COTTON_epsg4326_minxymaxxy_-45dot413053521902505_-17dot73687441941888_-45dot383806753278975_-17dot71711170953773_34_7/eopatch_0_col-0_row-0,index 0 is out of bounds for axis 0 with size 0
94,/agrilearn_app/datasets/from_test_to_train/eopatch/input_model/start_2020-11-01_end_2021-09-01_monitoring_class_COTTON_epsg4326_minxymaxxy_-46dot61659983321567_-18dot83022265635049_-46dot576434177994884_-18dot807254300445546_40_4/eopatch_0_col-0_row-0,index 0 is out of bounds for axis 0 with size 0
95,/agrilearn_app/datasets/from_test_to_train/eopatch/input_model/start_2020-11-01_end_2021-09-01_monitoring_class_COTTON_epsg4326_minxymaxxy_-46dot61659983321567_-18dot83022265635049_-46dot576434177994884_-18dot807254300445546_40_6/eopatch_0_col-0_row-0,index 0 is out of bounds for axis 0 with size 0
96,/agrilearn_app/datasets/from_test_to_train/eopatch/input_model/start_2020-11-01_end_2021-09-01_monitoring_class_COTTON_epsg4326_minxymaxxy_-46dot61659983321567_-18dot83022265635049_-46dot576434177994884_-18dot807254300445546_40_12/eopatch_0_col-0_row-0,index 0 is out of bounds for axis 0 with size 0
97,/agrilearn_app/datasets/from_test_to_train/eopatch/input_model/start_2020-11-01_end_2021-09-01_monitoring_class_COTTON_epsg4326_minxymaxxy_-46dot61659983321567_-18dot83022265635049_-46dot576434177994884_-18dot807254300445546_40_15/eopatch_0_col-0_row-0,index 0 is out of bounds for axis 0 with size 0
98,/agrilearn_app/datasets/from_test_to_train/eopatch/input_model/start_2020-11-01_end_2021-09-01_monitoring_class_COTTON_epsg4326_minxymaxxy_-46dot549227665324445_-18dot762220530453074_-46dot52863577781886_-18dot74551938710999_41_4/eopatch_0_col-0_row-0,index 0 is out of bounds for axis 0 with size 0
99,/agrilearn_app/datasets/from_test_to_train/eopatch/input_model/start_2020-11-01_end_2021-09-01_monitoring_class_COTTON_epsg4326_minxymaxxy_-53dot88788154110022_-19dot437379913252357_-53dot87689688078637_-19dot42564629843787_53_2/eopatch_0_col-0_row-0,index 0 is out of bounds for axis 0 with size 0
100,/agrilearn_app/datasets/from_test_to_train/eopatch/input_model/start_2021-11-01_end_2022-09-01_monitoring_class_COTTON_epsg4326_minxymaxxy_-53dot3190998271952_-18dot130250053796882_-53dot29922832272887_-18dot115721359553042_54_3/eopatch_0_col-0_row-0,index 0 is out of bounds for axis 0 with size 0
101,/agrilearn_app/datasets/from_test_to_train/eopatch/input_model/start_2021-11-01_end_2022-09-01_monitoring_class_COTTON_epsg4326_minxymaxxy_-53dot3190998271952_-18dot130250053796882_-53dot29922832272887_-18dot115721359553042_54_4/eopatch_0_col-0_row-0,index 0 is out of bounds for axis 0 with size 0
102,/agrilearn_app/datasets/from_test_to_train/eopatch/input_model/start_2021-11-01_end_2022-09-01_monitoring_class_COTTON_epsg4326_minxymaxxy_-53dot23752908010294_-18dot062215326575995_-53dot15275700822929_-18dot016673499882078_55_2/eopatch_0_col-0_row-0,index 0 is out of bounds for axis 0 with size 0
103,/agrilearn_app/datasets/from_test_to_train/eopatch/input_model/start_2021-11-01_end_2022-09-01_monitoring_class_COTTON_epsg4326_minxymaxxy_-53dot23752908010294_-18dot062215326575995_-53dot15275700822929_-18dot016673499882078_55_5/eopatch_0_col-0_row-0,index 0 is out of bounds for axis 0 with size 0
104,/agrilearn_app/datasets/from_test_to_train/eopatch/input_model/start_2021-11-01_end_2022-09-01_monitoring_class_COTTON_epsg4326_minxymaxxy_-53dot23752908010294_-18dot062215326575995_-53dot15275700822929_-18dot016673499882078_55_6/eopatch_0_col-0_row-0,index 0 is out of bounds for axis 0 with size 0
105,/agrilearn_app/datasets/from_test_to_train/eopatch/input_model/start_2021-11-01_end_2022-09-01_monitoring_class_COTTON_epsg4326_minxymaxxy_-53dot1586213829704_-18dot284819477336956_-53dot10926148273119_-18dot241179272505352_56_5/eopatch_0_col-0_row-0,index 0 is out of bounds for axis 0 with size 0
106,/agrilearn_app/datasets/from_test_to_train/eopatch/input_model/start_2021-11-01_end_2022-09-01_monitoring_class_COTTON_epsg4326_minxymaxxy_-53dot1586213829704_-18dot284819477336956_-53dot10926148273119_-18dot241179272505352_56_15/eopatch_0_col-0_row-0,index 0 is out of bounds for axis 0 with size 0
107,/agrilearn_app/datasets/from_test_to_train/eopatch/input_model/start_2020-11-01_end_2021-09-01_monitoring_class_COTTON_epsg4326_minxymaxxy_-52dot732926094563595_-22dot203752673546994_-52dot728515587224535_-22dot19717852057221_57_1/eopatch_0_col-0_row-0,index 0 is out of bounds for axis 0 with size 0
108,/agrilearn_app/datasets/from_test_to_train/eopatch/input_model/start_2020-12-01_end_2021-10-01_monitoring_class_COTTON_epsg4326_minxymaxxy_-58dot78933657322425_-13dot87607810372145_-58dot766876220061484_-13dot8462484134335_60_6/eopatch_0_col-0_row-0,index 0 is out of bounds for axis 0 with size 0
109,/agrilearn_app/datasets/from_test_to_train/eopatch/input_model/start_2020-12-01_end_2021-10-01_monitoring_class_COTTON_epsg4326_minxymaxxy_-57dot73791421656779_-14dot008011524811991_-57dot70142866180326_-13dot961097464876046_62_2/eopatch_0_col-0_row-0,index 0 is out of bounds for axis 0 with size 0
110,/agrilearn_app/datasets/from_test_to_train/eopatch/input_model/start_2020-12-01_end_2021-10-01_monitoring_class_COTTON_epsg4326_minxymaxxy_-58dot97746154141698_-13dot505274352829078_-58dot95586051115361_-13dot486801291446397_63_4/eopatch_0_col-0_row-0,index 0 is out of bounds for axis 0 with size 0
111,/agrilearn_app/datasets/from_test_to_train/eopatch/input_model/start_2020-12-01_end_2021-10-01_monitoring_class_COTTON_epsg4326_minxymaxxy_-55dot58380033781532_-13dot852568860464489_-55dot57658441244064_-13dot833434123785764_66_0/eopatch_0_col-0_row-0,index 0 is out of bounds for axis 0 with size 0
112,/agrilearn_app/datasets/from_test_to_train/eopatch/input_model/start_2020-12-01_end_2021-10-01_monitoring_class_COTTON_epsg4326_minxymaxxy_-55dot79168598252203_-13dot946880776026942_-55dot76856116526551_-13dot914451111529502_68_2/eopatch_0_col-0_row-0,index 0 is out of bounds for axis 0 with size 0
113,/agrilearn_app/datasets/from_test_to_train/eopatch/input_model/start_2021-12-01_end_2022-10-01_monitoring_class_COTTON_epsg4326_minxymaxxy_-53dot71819617681205_-16dot723273192603703_-53dot684725530858536_-16dot685565493352776_84_10/eopatch_0_col-0_row-0,index 0 is out of bounds for axis 0 with size 0
114,/agrilearn_app/datasets/from_test_to_train/eopatch/input_model/start_2021-12-01_end_2022-10-01_monitoring_class_COTTON_epsg4326_minxymaxxy_-54dot037147614870484_-16dot82815847343477_-53dot99117541941001_-16dot791018018866453_86_15/eopatch_0_col-0_row-0,index 0 is out of bounds for axis 0 with size 0
115,/agrilearn_app/datasets/from_test_to_train/eopatch/input_model/start_2021-12-01_end_2022-10-01_monitoring_class_COTTON_epsg4326_minxymaxxy_-54dot037147614870484_-16dot82815847343477_-53dot99117541941001_-16dot791018018866453_86_17/eopatch_0_col-0_row-0,index 0 is out of bounds for axis 0 with size 0
116,/agrilearn_app/datasets/from_test_to_train/eopatch/input_model/start_2020-12-01_end_2021-10-01_monitoring_class_COTTON_epsg4326_minxymaxxy_-55dot1446098830396_-16dot053512700850433_-55dot123425081502255_-16dot024159671031953_88_9/eopatch_0_col-0_row-0,index 0 is out of bounds for axis 0 with size 0
117,/agrilearn_app/datasets/from_test_to_train/eopatch/input_model/start_2021-12-01_end_2022-10-01_monitoring_class_COTTON_epsg4326_minxymaxxy_-53dot52284179611194_-17dot77623908536543_-53dot4837580064268_-17dot71254409783182_89_2/eopatch_0_col-0_row-0,index 0 is out of bounds for axis 0 with size 0
118,/agrilearn_app/datasets/from_test_to_train/eopatch/input_model/start_2021-12-01_end_2022-10-01_monitoring_class_COTTON_epsg4326_minxymaxxy_-53dot52284179611194_-17dot77623908536543_-53dot4837580064268_-17dot71254409783182_89_4/eopatch_0_col-0_row-0,index 0 is out of bounds for axis 0 with size 0
119,/agrilearn_app/datasets/from_test_to_train/eopatch/input_model/start_2021-12-01_end_2022-10-01_monitoring_class_COTTON_epsg4326_minxymaxxy_-53dot52284179611194_-17dot77623908536543_-53dot4837580064268_-17dot71254409783182_89_10/eopatch_0_col-0_row-0,index 0 is out of bounds for axis 0 with size 0
120,/agrilearn_app/datasets/from_test_to_train/eopatch/input_model/start_2020-12-01_end_2021-10-01_monitoring_class_COTTON_epsg4326_minxymaxxy_-46dot29531946402198_-13dot058741254605195_-46dot28064198773751_-13dot035619132616828_93_2/eopatch_0_col-0_row-0,index 0 is out of bounds for axis 0 with size 0
121,/agrilearn_app/datasets/from_test_to_train/eopatch/input_model/start_2021-12-01_end_2022-10-01_monitoring_class_COTTON_epsg4326_minxymaxxy_-46dot279750252372196_-13dot792084512889915_-46dot23447891566939_-13dot77331250876523_97_5/eopatch_0_col-0_row-0,index 0 is out of bounds for axis 0 with size 0
122,/agrilearn_app/datasets/from_test_to_train/eopatch/input_model/start_2021-12-01_end_2022-10-01_monitoring_class_COTTON_epsg4326_minxymaxxy_-46dot279750252372196_-13dot792084512889915_-46dot23447891566939_-13dot77331250876523_97_6/eopatch_0_col-0_row-0,index 0 is out of bounds for axis 0 with size 0
123,/agrilearn_app/datasets/from_test_to_train/eopatch/input_model/start_2020-12-01_end_2021-10-01_monitoring_class_COTTON_epsg4326_minxymaxxy_-47dot60510833008533_-16dot265865960745423_-47dot5757894331358_-16dot241121490564296_98_8/eopatch_0_col-0_row-0,index 0 is out of bounds for axis 0 with size 0
124,/agrilearn_app/datasets/from_test_to_train/eopatch/input_model/start_2020-12-01_end_2021-10-01_monitoring_class_COTTON_epsg4326_minxymaxxy_-52dot751763063914204_-18dot689745926733107_-52dot729016741629266_-18dot668275275683353_103_8/eopatch_0_col-0_row-0,index 0 is out of bounds for axis 0 with size 0
125,/agrilearn_app/datasets/from_test_to_train/eopatch/input_model/start_2021-12-01_end_2022-10-01_monitoring_class_COTTON_epsg4326_minxymaxxy_-49dot274309102483066_-17dot943828291842124_-49dot25433536038855_-17dot922294922072926_109_2/eopatch_0_col-0_row-0,index 0 is out of bounds for axis 0 with size 0
126,/agrilearn_app/datasets/from_test_to_train/eopatch/input_model/start_2021-12-01_end_2022-09-01_monitoring_class_COTTON_epsg4326_minxymaxxy_-46dot78231794711553_-8dot230909165125809_-46dot71669408106692_-8dot12351405273131_1_13/eopatch_0_col-0_row-0,index 0 is out of bounds for axis 0 with size 0
127,/agrilearn_app/datasets/from_test_to_train/eopatch/input_model/start_2021-12-01_end_2022-09-01_monitoring_class_COTTON_epsg4326_minxymaxxy_-46dot59045562762509_-11dot52173268861264_-46dot45943917148053_-11dot4378771131382_4_12/eopatch_0_col-0_row-0,index 0 is out of bounds for axis 0 with size 0
128,/agrilearn_app/datasets/from_test_to_train/eopatch/input_model/start_2021-12-01_end_2022-09-01_monitoring_class_COTTON_epsg4326_minxymaxxy_-46dot59045562762509_-11dot52173268861264_-46dot45943917148053_-11dot4378771131382_4_17/eopatch_0_col-0_row-0,index 0 is out of bounds for axis 0 with size 0
129,/agrilearn_app/datasets/from_test_to_train/eopatch/input_model/start_2021-12-01_end_2022-09-01_monitoring_class_COTTON_epsg4326_minxymaxxy_-46dot59045562762509_-11dot52173268861264_-46dot45943917148053_-11dot4378771131382_4_18/eopatch_0_col-0_row-0,index 0 is out of bounds for axis 0 with size 0
130,/agrilearn_app/datasets/from_test_to_train/eopatch/input_model/start_2021-12-01_end_2022-09-01_monitoring_class_COTTON_epsg4326_minxymaxxy_-46dot59045562762509_-11dot52173268861264_-46dot45943917148053_-11dot4378771131382_4_28/eopatch_0_col-0_row-0,index 0 is out of bounds for axis 0 with size 0
131,/agrilearn_app/datasets/from_test_to_train/eopatch/input_model/start_2021-12-01_end_2022-09-01_monitoring_class_COTTON_epsg4326_minxymaxxy_-46dot59045562762509_-11dot52173268861264_-46dot45943917148053_-11dot4378771131382_4_29/eopatch_0_col-0_row-0,index 0 is out of bounds for axis 0 with size 0
132,/agrilearn_app/datasets/from_test_to_train/eopatch/input_model/start_2020-12-01_end_2021-09-01_monitoring_class_COTTON_epsg4326_minxymaxxy_-44dot88730205394659_-7dot604269597064217_-44dot82881671312077_-7dot528658723721094_10_12/eopatch_0_col-0_row-0,index 0 is out of bounds for axis 0 with size 0
133,/agrilearn_app/datasets/from_test_to_train/eopatch/input_model/start_2021-12-01_end_2022-09-01_monitoring_class_COTTON_epsg4326_minxymaxxy_-44dot1695142665701_-7dot3981103359232065_-44dot14857698993609_-7dot3704930075462025_11_2/eopatch_0_col-0_row-0,index 0 is out of bounds for axis 0 with size 0
134,/agrilearn_app/datasets/from_test_to_train/eopatch/input_model/start_2021-11-01_end_2022-10-01_monitoring_class_COTTON_epsg4326_minxymaxxy_-45dot61891959776119_-10dot144969905037046_-45dot59431066080833_-10dot107982175137236_16_1/eopatch_0_col-0_row-0,index 0 is out of bounds for axis 0 with size 0
135,/agrilearn_app/datasets/from_test_to_train/eopatch/input_model/start_2021-11-01_end_2022-10-01_monitoring_class_COTTON_epsg4326_minxymaxxy_-45dot61891959776119_-10dot144969905037046_-45dot59431066080833_-10dot107982175137236_16_5/eopatch_0_col-0_row-0,index 0 is out of bounds for axis 0 with size 0
136,/agrilearn_app/datasets/from_test_to_train/eopatch/input_model/start_2020-11-01_end_2021-10-01_monitoring_class_COTTON_epsg4326_minxymaxxy_-45dot421512260882075_-13dot469442718506627_-45dot41371717031115_-13dot463868548694506_19_1/eopatch_0_col-0_row-0,index 0 is out of bounds for axis 0 with size 0
137,/agrilearn_app/datasets/from_test_to_train/eopatch/input_model/start_2021-11-01_end_2022-10-01_monitoring_class_COTTON_epsg4326_minxymaxxy_-45dot91507088101627_-13dot675813957947751_-45dot900022037786755_-13dot652693054540805_22_1/eopatch_0_col-0_row-0,index 0 is out of bounds for axis 0 with size 0
138,/agrilearn_app/datasets/from_test_to_train/eopatch/input_model/start_2021-11-01_end_2022-10-01_monitoring_class_COTTON_epsg4326_minxymaxxy_-45dot91507088101627_-13dot675813957947751_-45dot900022037786755_-13dot652693054540805_22_2/eopatch_0_col-0_row-0,index 0 is out of bounds for axis 0 with size 0
139,/agrilearn_app/datasets/from_test_to_train/eopatch/input_model/start_2021-11-01_end_2022-09-01_monitoring_class_COTTON_epsg4326_minxymaxxy_-46dot80587985647014_-15dot439496320998385_-46dot77657535137132_-15dot414984043179006_24_3/eopatch_0_col-0_row-0,index 0 is out of bounds for axis 0 with size 0
140,/agrilearn_app/datasets/from_test_to_train/eopatch/input_model/start_2021-11-01_end_2022-09-01_monitoring_class_COTTON_epsg4326_minxymaxxy_-46dot80587985647014_-15dot439496320998385_-46dot77657535137132_-15dot414984043179006_24_5/eopatch_0_col-0_row-0,index 0 is out of bounds for axis 0 with size 0
141,/agrilearn_app/datasets/from_test_to_train/eopatch/input_model/start_2020-11-01_end_2021-09-01_monitoring_class_COTTON_epsg4326_minxymaxxy_-46dot80587985647014_-15dot449466555936738_-46dot72849008005312_-15dot388197302563414_25_13/eopatch_0_col-0_row-0,index 0 is out of bounds for axis 0 with size 0
142,/agrilearn_app/datasets/from_test_to_train/eopatch/input_model/start_2020-11-01_end_2021-09-01_monitoring_class_COTTON_epsg4326_minxymaxxy_-46dot80587985647014_-15dot449466555936738_-46dot72849008005312_-15dot388197302563414_25_14/eopatch_0_col-0_row-0,index 0 is out of bounds for axis 0 with size 0
143,/agrilearn_app/datasets/from_test_to_train/eopatch/input_model/start_2020-11-01_end_2021-09-01_monitoring_class_COTTON_epsg4326_minxymaxxy_-46dot80587985647014_-15dot449466555936738_-46dot72849008005312_-15dot388197302563414_25_16/eopatch_0_col-0_row-0,index 0 is out of bounds for axis 0 with size 0
144,/agrilearn_app/datasets/from_test_to_train/eopatch/input_model/start_2020-11-01_end_2021-09-01_monitoring_class_COTTON_epsg4326_minxymaxxy_-46dot68915788952494_-16dot13215508359019_-46dot597313603040334_-16dot079283716570217_27_6/eopatch_0_col-0_row-0,index 0 is out of bounds for axis 0 with size 0
145,/agrilearn_app/datasets/from_test_to_train/eopatch/input_model/start_2020-11-01_end_2021-09-01_monitoring_class_COTTON_epsg4326_minxymaxxy_-46dot68915788952494_-16dot13215508359019_-46dot597313603040334_-16dot079283716570217_27_25/eopatch_0_col-0_row-0,index 0 is out of bounds for axis 0 with size 0
146,/agrilearn_app/datasets/from_test_to_train/eopatch/input_model/start_2020-11-01_end_2021-09-01_monitoring_class_COTTON_epsg4326_minxymaxxy_-46dot68915788952494_-16dot13215508359019_-46dot597313603040334_-16dot079283716570217_27_32/eopatch_0_col-0_row-0,index 0 is out of bounds for axis 0 with size 0
147,/agrilearn_app/datasets/from_test_to_train/eopatch/input_model/start_2020-11-01_end_2021-09-01_monitoring_class_COTTON_epsg4326_minxymaxxy_-46dot68915788952494_-16dot13215508359019_-46dot597313603040334_-16dot079283716570217_27_35/eopatch_0_col-0_row-0,index 0 is out of bounds for axis 0 with size 0
148,/agrilearn_app/datasets/from_test_to_train/eopatch/input_model/start_2020-11-01_end_2021-09-01_monitoring_class_COTTON_epsg4326_minxymaxxy_-46dot48529224673973_-18dot24904387617391_-46dot44390047382773_-18dot211385386026677_30_9/eopatch_0_col-0_row-0,index 0 is out of bounds for axis 0 with size 0
149,/agrilearn_app/datasets/from_test_to_train/eopatch/input_model/start_2021-11-01_end_2022-09-01_monitoring_class_COTTON_epsg4326_minxymaxxy_-45dot413053521902505_-17dot73687441941888_-45dot383806753278975_-17dot71711170953773_34_8/eopatch_0_col-0_row-0,index 0 is out of bounds for axis 0 with size 0
150,/agrilearn_app/datasets/from_test_to_train/eopatch/input_model/start_2021-11-01_end_2022-09-01_monitoring_class_COTTON_epsg4326_minxymaxxy_-45dot38213064990953_-17dot617639120748773_-45dot350378861095514_-17dot598895288786476_35_4/eopatch_0_col-0_row-0,index 0 is out of bounds for axis 0 with size 0
151,/agrilearn_app/datasets/from_test_to_train/eopatch/input_model/start_2021-11-01_end_2022-09-01_monitoring_class_COTTON_epsg4326_minxymaxxy_-47dot07661171395938_-18dot45389097338966_-47dot04638909548032_-18dot428976935137424_39_2/eopatch_0_col-0_row-0,index 0 is out of bounds for axis 0 with size 0
152,/agrilearn_app/datasets/from_test_to_train/eopatch/input_model/start_2021-11-01_end_2022-09-01_monitoring_class_COTTON_epsg4326_minxymaxxy_-47dot07661171395938_-18dot45389097338966_-47dot04638909548032_-18dot428976935137424_39_12/eopatch_0_col-0_row-0,index 0 is out of bounds for axis 0 with size 0
153,/agrilearn_app/datasets/from_test_to_train/eopatch/input_model/start_2020-11-01_end_2021-09-01_monitoring_class_COTTON_epsg4326_minxymaxxy_-46dot61659983321567_-18dot83022265635049_-46dot576434177994884_-18dot807254300445546_40_3/eopatch_0_col-0_row-0,index 0 is out of bounds for axis 0 with size 0
154,/agrilearn_app/datasets/from_test_to_train/eopatch/input_model/start_2020-11-01_end_2021-09-01_monitoring_class_COTTON_epsg4326_minxymaxxy_-46dot61659983321567_-18dot83022265635049_-46dot576434177994884_-18dot807254300445546_40_5/eopatch_0_col-0_row-0,index 0 is out of bounds for axis 0 with size 0
155,/agrilearn_app/datasets/from_test_to_train/eopatch/input_model/start_2020-11-01_end_2021-09-01_monitoring_class_COTTON_epsg4326_minxymaxxy_-46dot61659983321567_-18dot83022265635049_-46dot576434177994884_-18dot807254300445546_40_13/eopatch_0_col-0_row-0,index 0 is out of bounds for axis 0 with size 0
156,/agrilearn_app/datasets/from_test_to_train/eopatch/input_model/start_2020-12-01_end_2021-10-01_monitoring_class_COTTON_epsg4326_minxymaxxy_-58dot78933657322425_-13dot87607810372145_-58dot766876220061484_-13dot8462484134335_60_3/eopatch_0_col-0_row-0,index 0 is out of bounds for axis 0 with size 0
157,/agrilearn_app/datasets/from_test_to_train/eopatch/input_model/start_2020-12-01_end_2021-10-01_monitoring_class_COTTON_epsg4326_minxymaxxy_-58dot78933657322425_-13dot87607810372145_-58dot766876220061484_-13dot8462484134335_60_4/eopatch_0_col-0_row-0,index 0 is out of bounds for axis 0 with size 0
158,/agrilearn_app/datasets/from_test_to_train/eopatch/input_model/start_2020-12-01_end_2021-10-01_monitoring_class_COTTON_epsg4326_minxymaxxy_-57dot73791421656779_-14dot008011524811991_-57dot70142866180326_-13dot961097464876046_62_6/eopatch_0_col-0_row-0,index 0 is out of bounds for axis 0 with size 0
159,/agrilearn_app/datasets/from_test_to_train/eopatch/input_model/start_2020-12-01_end_2021-10-01_monitoring_class_COTTON_epsg4326_minxymaxxy_-57dot73791421656779_-14dot008011524811991_-57dot70142866180326_-13dot961097464876046_62_7/eopatch_0_col-0_row-0,index 0 is out of bounds for axis 0 with size 0
160,/agrilearn_app/datasets/from_test_to_train/eopatch/input_model/start_2020-12-01_end_2021-10-01_monitoring_class_COTTON_epsg4326_minxymaxxy_-57dot73791421656779_-14dot008011524811991_-57dot70142866180326_-13dot961097464876046_62_9/eopatch_0_col-0_row-0,index 0 is out of bounds for axis 0 with size 0
161,/agrilearn_app/datasets/from_test_to_train/eopatch/input_model/start_2020-12-01_end_2021-10-01_monitoring_class_COTTON_epsg4326_minxymaxxy_-57dot73791421656779_-14dot008011524811991_-57dot70142866180326_-13dot961097464876046_62_12/eopatch_0_col-0_row-0,index 0 is out of bounds for axis 0 with size 0
162,/agrilearn_app/datasets/from_test_to_train/eopatch/input_model/start_2020-12-01_end_2021-10-01_monitoring_class_COTTON_epsg4326_minxymaxxy_-54dot1085861150571_-13dot474933666855177_-54dot09515746884205_-13dot454702781608034_70_1/eopatch_0_col-0_row-0,index 0 is out of bounds for axis 0 with size 0
163,/agrilearn_app/datasets/from_test_to_train/eopatch/input_model/start_2021-12-01_end_2022-10-01_monitoring_class_COTTON_epsg4326_minxymaxxy_-53dot312682540266955_-15dot107866934111648_-53dot30198852914725_-15dot099100633287549_73_0/eopatch_0_col-0_row-0,index 0 is out of bounds for axis 0 with size 0
164,/agrilearn_app/datasets/from_test_to_train/eopatch/input_model/start_2020-12-01_end_2021-10-01_monitoring_class_COTTON_epsg4326_minxymaxxy_-52dot40338673570926_-12dot770957610805057_-52dot388162168549165_-12dot751474592778205_74_2/eopatch_0_col-0_row-0,index 0 is out of bounds for axis 0 with size 0
165,/agrilearn_app/datasets/from_test_to_train/eopatch/input_model/start_2021-12-01_end_2022-10-01_monitoring_class_COTTON_epsg4326_minxymaxxy_-54dot9879849150717_-15dot4438079370866_-54dot95228574009479_-15dot412052327952555_78_4/eopatch_0_col-0_row-0,index 0 is out of bounds for axis 0 with size 0
166,/agrilearn_app/datasets/from_test_to_train/eopatch/input_model/start_2021-12-01_end_2022-10-01_monitoring_class_COTTON_epsg4326_minxymaxxy_-54dot9879849150717_-15dot4438079370866_-54dot95228574009479_-15dot412052327952555_78_5/eopatch_0_col-0_row-0,index 0 is out of bounds for axis 0 with size 0
167,/agrilearn_app/datasets/from_test_to_train/eopatch/input_model/start_2021-12-01_end_2022-10-01_monitoring_class_COTTON_epsg4326_minxymaxxy_-54dot9879849150717_-15dot4438079370866_-54dot95228574009479_-15dot412052327952555_78_6/eopatch_0_col-0_row-0,index 0 is out of bounds for axis 0 with size 0
168,/agrilearn_app/datasets/from_test_to_train/eopatch/input_model/start_2021-12-01_end_2022-10-01_monitoring_class_COTTON_epsg4326_minxymaxxy_-53dot71819617681205_-16dot723273192603703_-53dot684725530858536_-16dot685565493352776_84_2/eopatch_0_col-0_row-0,index 0 is out of bounds for axis 0 with size 0
169,/agrilearn_app/datasets/from_test_to_train/eopatch/input_model/start_2021-12-01_end_2022-10-01_monitoring_class_COTTON_epsg4326_minxymaxxy_-53dot71819617681205_-16dot723273192603703_-53dot684725530858536_-16dot685565493352776_84_11/eopatch_0_col-0_row-0,index 0 is out of bounds for axis 0 with size 0
170,/agrilearn_app/datasets/from_test_to_train/eopatch/input_model/start_2021-12-01_end_2022-10-01_monitoring_class_COTTON_epsg4326_minxymaxxy_-54dot037147614870484_-16dot82815847343477_-53dot99117541941001_-16dot791018018866453_86_4/eopatch_0_col-0_row-0,index 0 is out of bounds for axis 0 with size 0
171,/agrilearn_app/datasets/from_test_to_train/eopatch/input_model/start_2021-12-01_end_2022-10-01_monitoring_class_COTTON_epsg4326_minxymaxxy_-54dot037147614870484_-16dot82815847343477_-53dot99117541941001_-16dot791018018866453_86_6/eopatch_0_col-0_row-0,index 0 is out of bounds for axis 0 with size 0
172,/agrilearn_app/datasets/from_test_to_train/eopatch/input_model/start_2020-12-01_end_2021-10-01_monitoring_class_COTTON_epsg4326_minxymaxxy_-54dot04006592570187_-16dot81486924372058_-53dot99117541941001_-16dot791018018866453_87_5/eopatch_0_col-0_row-0,index 0 is out of bounds for axis 0 with size 0
173,/agrilearn_app/datasets/from_test_to_train/eopatch/input_model/start_2020-12-01_end_2021-10-01_monitoring_class_COTTON_epsg4326_minxymaxxy_-54dot04006592570187_-16dot81486924372058_-53dot99117541941001_-16dot791018018866453_87_7/eopatch_0_col-0_row-0,index 0 is out of bounds for axis 0 with size 0
174,/agrilearn_app/datasets/from_test_to_train/eopatch/input_model/start_2020-12-01_end_2021-10-01_monitoring_class_COTTON_epsg4326_minxymaxxy_-54dot04006592570187_-16dot81486924372058_-53dot99117541941001_-16dot791018018866453_87_8/eopatch_0_col-0_row-0,index 0 is out of bounds for axis 0 with size 0
175,/agrilearn_app/datasets/from_test_to_train/eopatch/input_model/start_2020-12-01_end_2021-10-01_monitoring_class_COTTON_epsg4326_minxymaxxy_-55dot1446098830396_-16dot053512700850433_-55dot123425081502255_-16dot024159671031953_88_3/eopatch_0_col-0_row-0,index 0 is out of bounds for axis 0 with size 0
176,/agrilearn_app/datasets/from_test_to_train/eopatch/input_model/start_2020-12-01_end_2021-10-01_monitoring_class_COTTON_epsg4326_minxymaxxy_-55dot1446098830396_-16dot053512700850433_-55dot123425081502255_-16dot024159671031953_88_6/eopatch_0_col-0_row-0,index 0 is out of bounds for axis 0 with size 0
177,/agrilearn_app/datasets/from_test_to_train/eopatch/input_model/start_2020-12-01_end_2021-10-01_monitoring_class_COTTON_epsg4326_minxymaxxy_-47dot66066841731356_-16dot26825223894963_-47dot601668906195016_-16dot144390004794843_100_3/eopatch_0_col-0_row-0,index 0 is out of bounds for axis 0 with size 0
178,/agrilearn_app/datasets/from_test_to_train/eopatch/input_model/start_2020-12-01_end_2021-10-01_monitoring_class_COTTON_epsg4326_minxymaxxy_-47dot66066841731356_-16dot26825223894963_-47dot601668906195016_-16dot144390004794843_100_24/eopatch_0_col-0_row-0,index 0 is out of bounds for axis 0 with size 0
179,/agrilearn_app/datasets/from_test_to_train/eopatch/input_model/start_2020-12-01_end_2021-10-01_monitoring_class_COTTON_epsg4326_minxymaxxy_-47dot66066841731356_-16dot26825223894963_-47dot601668906195016_-16dot144390004794843_100_25/eopatch_0_col-0_row-0,index 0 is out of bounds for axis 0 with size 0
180,/agrilearn_app/datasets/from_test_to_train/eopatch/input_model/start_2020-12-01_end_2021-10-01_monitoring_class_COTTON_epsg4326_minxymaxxy_-47dot66066841731356_-16dot26825223894963_-47dot601668906195016_-16dot144390004794843_100_30/eopatch_0_col-0_row-0,index 0 is out of bounds for axis 0 with size 0
181,/agrilearn_app/datasets/from_test_to_train/eopatch/input_model/start_2020-12-01_end_2021-10-01_monitoring_class_COTTON_epsg4326_minxymaxxy_-47dot66066841731356_-16dot26825223894963_-47dot601668906195016_-16dot144390004794843_100_33/eopatch_0_col-0_row-0,index 0 is out of bounds for axis 0 with size 0
182,/agrilearn_app/datasets/from_test_to_train/eopatch/input_model/start_2020-12-01_end_2021-10-01_monitoring_class_COTTON_epsg4326_minxymaxxy_-47dot66066841731356_-16dot26825223894963_-47dot601668906195016_-16dot144390004794843_100_43/eopatch_0_col-0_row-0,index 0 is out of bounds for axis 0 with size 0
183,/agrilearn_app/datasets/from_test_to_train/eopatch/input_model/start_2020-12-01_end_2021-10-01_monitoring_class_COTTON_epsg4326_minxymaxxy_-47dot66066841731356_-16dot26825223894963_-47dot601668906195016_-16dot144390004794843_100_45/eopatch_0_col-0_row-0,index 0 is out of bounds for axis 0 with size 0
184,/agrilearn_app/datasets/from_test_to_train/eopatch/input_model/start_2020-12-01_end_2021-10-01_monitoring_class_COTTON_epsg4326_minxymaxxy_-47dot66066841731356_-16dot26825223894963_-47dot601668906195016_-16dot144390004794843_100_59/eopatch_0_col-0_row-0,index 0 is out of bounds for axis 0 with size 0
185,/agrilearn_app/datasets/from_test_to_train/eopatch/input_model/start_2020-12-01_end_2021-10-01_monitoring_class_COTTON_epsg4326_minxymaxxy_-47dot66066841731356_-16dot26825223894963_-47dot601668906195016_-16dot144390004794843_100_64/eopatch_0_col-0_row-0,index 0 is out of bounds for axis 0 with size 0
186,/agrilearn_app/datasets/from_test_to_train/eopatch/input_model/start_2021-12-01_end_2022-10-01_monitoring_class_COTTON_epsg4326_minxymaxxy_-52dot550901422062964_-18dot44647460711735_-52dot52966933327309_-18dot43272742553023_102_5/eopatch_0_col-0_row-0,index 0 is out of bounds for axis 0 with size 0
187,/agrilearn_app/datasets/from_test_to_train/eopatch/input_model/start_2020-12-01_end_2021-10-01_monitoring_class_COTTON_epsg4326_minxymaxxy_-52dot751763063914204_-18dot689745926733107_-52dot729016741629266_-18dot668275275683353_103_7/eopatch_0_col-0_row-0,index 0 is out of bounds for axis 0 with size 0
188,/agrilearn_app/datasets/from_test_to_train/eopatch/input_model/start_2020-12-01_end_2021-10-01_monitoring_class_COTTON_epsg4326_minxymaxxy_-52dot751763063914204_-18dot689745926733107_-52dot729016741629266_-18dot668275275683353_103_11/eopatch_0_col-0_row-0,index 0 is out of bounds for axis 0 with size 0
189,/agrilearn_app/datasets/from_test_to_train/eopatch/input_model/start_2020-12-01_end_2021-10-01_monitoring_class_COTTON_epsg4326_minxymaxxy_-52dot751763063914204_-18dot689745926733107_-52dot729016741629266_-18dot668275275683353_103_12/eopatch_0_col-0_row-0,index 0 is out of bounds for axis 0 with size 0
190,/agrilearn_app/datasets/from_test_to_train/eopatch/input_model/start_2021-12-01_end_2022-10-01_monitoring_class_COTTON_epsg4326_minxymaxxy_-52dot808752078545524_-18dot64620584432419_-52dot77099610728447_-18dot633505105775953_104_6/eopatch_0_col-0_row-0,index 0 is out of bounds for axis 0 with size 0
191,/agrilearn_app/datasets/from_test_to_train/eopatch/input_model/start_2020-12-01_end_2021-10-01_monitoring_class_COTTON_epsg4326_minxymaxxy_-50dot311738687990044_-17dot818788696740906_-50dot294761310685885_-17dot79505974461148_106_1/eopatch_0_col-0_row-0,index 0 is out of bounds for axis 0 with size 0
192,/agrilearn_app/datasets/from_test_to_train/eopatch/input_model/start_2020-12-01_end_2021-10-01_monitoring_class_COTTON_epsg4326_minxymaxxy_-50dot311738687990044_-17dot818788696740906_-50dot294761310685885_-17dot79505974461148_106_6/eopatch_0_col-0_row-0,index 0 is out of bounds for axis 0 with size 0
193,/agrilearn_app/datasets/from_test_to_train/eopatch/input_model/start_2020-12-01_end_2021-10-01_monitoring_class_COTTON_epsg4326_minxymaxxy_-49dot274309102483066_-17dot943828290942797_-49dot25433536038855_-17dot922294921173595_108_2/eopatch_0_col-0_row-0,index 0 is out of bounds for axis 0 with size 0
194,/agrilearn_app/datasets/from_test_to_train/eopatch/input_model/start_2017-10-01_end_2018-06-01_monitoring_class_RICE_epsg4326_minxymaxxy_-49dot69234303216058_-10dot512110447445657_-49dot677275961258985_-10dot50361145675843_0_2/eopatch_0_col-0_row-0,index 0 is out of bounds for axis 0 with size 0
195,/agrilearn_app/datasets/from_test_to_train/eopatch/input_model/start_2017-10-01_end_2018-06-01_monitoring_class_RICE_epsg4326_minxymaxxy_-49dot69234303216058_-10dot512110447445657_-49dot677275961258985_-10dot50361145675843_0_5/eopatch_0_col-0_row-0,index 0 is out of bounds for axis 0 with size 0
196,/agrilearn_app/datasets/from_test_to_train/eopatch/input_model/start_2018-08-01_end_2019-06-01_monitoring_class_RICE_epsg4326_minxymaxxy_-54dot37969947892112_-21dot930034513715945_-54dot37022752180201_-21dot916433040843817_84_7/eopatch_0_col-0_row-0,index 0 is out of bounds for axis 0 with size 0
197,/agrilearn_app/datasets/from_test_to_train/eopatch/input_model/start_2021-10-01_end_2022-05-01_monitoring_class_SOYBEAN_epsg4326_minxymaxxy_-60dot68815465791108_-13dot349501883704933_-60dot67416033183384_-13dot326530148147755_25_4/eopatch_0_col-0_row-0,index 0 is out of bounds for axis 0 with size 0
198,/agrilearn_app/datasets/from_test_to_train/eopatch/input_model/start_2022-04-01_end_2022-11-01_monitoring_class_SOYBEAN_epsg4326_minxymaxxy_-61dot127107216824584_2dot7369183742836185_-61dot08281678236858_2dot7779501323927325_31_5/eopatch_0_col-0_row-0,index 0 is out of bounds for axis 0 with size 0
199,/agrilearn_app/datasets/from_test_to_train/eopatch/input_model/start_2021-04-01_end_2021-11-01_monitoring_class_SOYBEAN_epsg4326_minxymaxxy_-60dot288420122390676_3dot1188901167855083_-60dot27470293139514_3dot1360458494364702_32_0/eopatch_0_col-0_row-0,index 0 is out of bounds for axis 0 with size 0
200,/agrilearn_app/datasets/from_test_to_train/eopatch/input_model/start_2021-04-01_end_2021-11-01_monitoring_class_SOYBEAN_epsg4326_minxymaxxy_-60dot288420122390676_3dot1188901167855083_-60dot27470293139514_3dot1360458494364702_32_2/eopatch_0_col-0_row-0,index 0 is out of bounds for axis 0 with size 0
201,/agrilearn_app/datasets/from_test_to_train/eopatch/input_model/start_2021-04-01_end_2021-11-01_monitoring_class_SOYBEAN_epsg4326_minxymaxxy_-60dot288420122390676_3dot1188901167855083_-60dot27470293139514_3dot1360458494364702_32_3/eopatch_0_col-0_row-0,index 0 is out of bounds for axis 0 with size 0
202,/agrilearn_app/datasets/from_test_to_train/eopatch/input_model/start_2022-04-01_end_2022-11-01_monitoring_class_SOYBEAN_epsg4326_minxymaxxy_-60dot288420122390676_3dot1188901167855083_-60dot27470293139514_3dot13604584853715_33_1/eopatch_0_col-0_row-0,index 0 is out of bounds for axis 0 with size 0
203,/agrilearn_app/datasets/from_test_to_train/eopatch/input_model/start_2021-04-01_end_2021-11-01_monitoring_class_SOYBEAN_epsg4326_minxymaxxy_-60dot518242976532115_2dot9064990583848953_-60dot506385214805775_2dot918356821010548_34_2/eopatch_0_col-0_row-0,index 0 is out of bounds for axis 0 with size 0
204,/agrilearn_app/datasets/from_test_to_train/eopatch/input_model/start_2021-10-01_end_2022-09-01_monitoring_class_SOYBEAN_epsg4326_minxymaxxy_-50dot149545022584675_-8dot22755518312516_-50dot13905065196599_-8dot22024547824617_73_3/eopatch_0_col-0_row-0,index 0 is out of bounds for axis 0 with size 0
205,/agrilearn_app/datasets/from_test_to_train/eopatch/input_model/start_2020-10-01_end_2021-07-01_monitoring_class_SOYBEAN_epsg4326_minxymaxxy_-44dot23379594572628_-6dot421427329507594_-44dot22742498737324_-6dot410313030122211_142_1/eopatch_0_col-0_row-0,index 0 is out of bounds for axis 0 with size 0
206,/agrilearn_app/datasets/from_test_to_train/eopatch/input_model/start_2021-10-01_end_2022-06-01_monitoring_class_SOYBEAN_epsg4326_minxymaxxy_-42dot06492370026853_-4dot306641450442555_-42dot05154744585792_-4dot284867124418213_156_2/eopatch_0_col-0_row-0,index 0 is out of bounds for axis 0 with size 0
207,/agrilearn_app/datasets/from_test_to_train/eopatch/input_model/start_2021-10-01_end_2022-06-01_monitoring_class_SOYBEAN_epsg4326_minxymaxxy_-44dot231565057781154_-8dot137273070295922_-44dot16877902043541_-8dot022048112130616_166_5/eopatch_0_col-0_row-0,index 0 is out of bounds for axis 0 with size 0
208,/agrilearn_app/datasets/from_test_to_train/eopatch/input_model/start_2021-10-01_end_2022-06-01_monitoring_class_SOYBEAN_epsg4326_minxymaxxy_-44dot231565057781154_-8dot137273070295922_-44dot16877902043541_-8dot022048112130616_166_9/eopatch_0_col-0_row-0,index 0 is out of bounds for axis 0 with size 0
209,/agrilearn_app/datasets/from_test_to_train/eopatch/input_model/start_2021-10-01_end_2022-06-01_monitoring_class_SOYBEAN_epsg4326_minxymaxxy_-44dot231565057781154_-8dot137273070295922_-44dot16877902043541_-8dot022048112130616_166_18/eopatch_0_col-0_row-0,index 0 is out of bounds for axis 0 with size 0
210,/agrilearn_app/datasets/from_test_to_train/eopatch/input_model/start_2020-10-01_end_2021-06-01_monitoring_class_SOYBEAN_epsg4326_minxymaxxy_-44dot7808236915601_-8dot851679299759839_-44dot71825570293827_-8dot815707524982258_170_5/eopatch_0_col-0_row-0,index 0 is out of bounds for axis 0 with size 0
211,/agrilearn_app/datasets/from_test_to_train/eopatch/input_model/start_2020-10-01_end_2021-06-01_monitoring_class_SOYBEAN_epsg4326_minxymaxxy_-44dot778419281224785_-10dot37726846506757_-44dot762179460413726_-10dot3585481638666_175_7/eopatch_0_col-0_row-0,index 0 is out of bounds for axis 0 with size 0
212,/agrilearn_app/datasets/from_test_to_train/eopatch/input_model/start_2020-10-01_end_2021-05-01_monitoring_class_SOYBEAN_epsg4326_minxymaxxy_-43dot810399753445836_-15dot15123976510301_-43dot804136913387815_-15dot144880573479611_206_1/eopatch_0_col-0_row-0,index 0 is out of bounds for axis 0 with size 0
213,/agrilearn_app/datasets/from_test_to_train/eopatch/input_model/start_2020-10-01_end_2021-05-01_monitoring_class_SOYBEAN_epsg4326_minxymaxxy_-44dot009355470178775_-17dot290581189270423_-43dot99914095778894_-17dot280806010988556_219_2/eopatch_0_col-0_row-0,index 0 is out of bounds for axis 0 with size 0
214,/agrilearn_app/datasets/from_test_to_train/eopatch/input_model/start_2020-10-01_end_2021-05-01_monitoring_class_SOYBEAN_epsg4326_minxymaxxy_-49dot798164651177665_-18dot802283348197932_-49dot789984624690646_-18dot790781274636057_227_2/eopatch_0_col-0_row-0,index 0 is out of bounds for axis 0 with size 0
215,/agrilearn_app/datasets/from_test_to_train/eopatch/input_model/start_2020-10-01_end_2021-05-01_monitoring_class_SOYBEAN_epsg4326_minxymaxxy_-43dot56763001990947_-19dot837728890775622_-43dot55871109154361_-19dot829597674992666_268_8/eopatch_0_col-0_row-0,index 0 is out of bounds for axis 0 with size 0
216,/agrilearn_app/datasets/from_test_to_train/eopatch/input_model/start_2021-09-01_end_2022-05-01_monitoring_class_SOYBEAN_epsg4326_minxymaxxy_-50dot925365093024595_-21dot617673161087453_-50dot91051725546691_-21dot599045065577283_443_4/eopatch_0_col-0_row-0,index 0 is out of bounds for axis 0 with size 0
217,/agrilearn_app/datasets/from_test_to_train/eopatch/input_model/start_2021-09-01_end_2022-06-01_monitoring_class_SOYBEAN_epsg4326_minxymaxxy_-52dot29111235155374_-23dot33122422231997_-52dot2835665035912_-23dot31694100792112_527_1/eopatch_0_col-0_row-0,index 0 is out of bounds for axis 0 with size 0
218,/agrilearn_app/datasets/from_test_to_train/eopatch/input_model/start_2021-09-01_end_2022-06-01_monitoring_class_SOYBEAN_epsg4326_minxymaxxy_-51dot66791164800412_-24dot207627877924203_-51dot65588137832293_-24dot197110324581786_545_8/eopatch_0_col-0_row-0,index 0 is out of bounds for axis 0 with size 0
219,/agrilearn_app/datasets/from_test_to_train/eopatch/input_model/start_2021-09-01_end_2022-06-01_monitoring_class_SOYBEAN_epsg4326_minxymaxxy_-53dot84986903282959_-24dot369916291403687_-53dot80567192102228_-24dot28873848239499_574_19/eopatch_0_col-0_row-0,index 0 is out of bounds for axis 0 with size 0
220,/agrilearn_app/datasets/from_test_to_train/eopatch/input_model/start_2021-09-01_end_2022-06-01_monitoring_class_SOYBEAN_epsg4326_minxymaxxy_-53dot84986903282959_-24dot369916291403687_-53dot80567192102228_-24dot28873848239499_574_57/eopatch_0_col-0_row-0,index 0 is out of bounds for axis 0 with size 0
221,/agrilearn_app/datasets/from_test_to_train/eopatch/input_model/start_2021-09-01_end_2022-06-01_monitoring_class_SOYBEAN_epsg4326_minxymaxxy_-53dot84986903282959_-24dot369916291403687_-53dot80567192102228_-24dot28873848239499_574_74/eopatch_0_col-0_row-0,index 0 is out of bounds for axis 0 with size 0
222,/agrilearn_app/datasets/from_test_to_train/eopatch/input_model/start_2021-09-01_end_2022-06-01_monitoring_class_SOYBEAN_epsg4326_minxymaxxy_-53dot84986903282959_-24dot369916291403687_-53dot80567192102228_-24dot28873848239499_574_88/eopatch_0_col-0_row-0,index 0 is out of bounds for axis 0 with size 0
223,/agrilearn_app/datasets/from_test_to_train/eopatch/input_model/start_2021-09-01_end_2022-06-01_monitoring_class_SOYBEAN_epsg4326_minxymaxxy_-53dot84986903282959_-24dot369916291403687_-53dot80567192102228_-24dot28873848239499_574_104/eopatch_0_col-0_row-0,index 0 is out of bounds for axis 0 with size 0
224,/agrilearn_app/datasets/from_test_to_train/eopatch/input_model/start_2021-09-01_end_2022-06-01_monitoring_class_SOYBEAN_epsg4326_minxymaxxy_-53dot84986903282959_-24dot369916291403687_-53dot80567192102228_-24dot28873848239499_574_105/eopatch_0_col-0_row-0,index 0 is out of bounds for axis 0 with size 0
225,/agrilearn_app/datasets/from_test_to_train/eopatch/input_model/start_2021-09-01_end_2022-06-01_monitoring_class_SOYBEAN_epsg4326_minxymaxxy_-53dot84986903282959_-24dot369916291403687_-53dot80567192102228_-24dot28873848239499_574_112/eopatch_0_col-0_row-0,index 0 is out of bounds for axis 0 with size 0
226,/agrilearn_app/datasets/from_test_to_train/eopatch/input_model/start_2021-10-01_end_2022-06-01_monitoring_class_SOYBEAN_epsg4326_minxymaxxy_-53dot00564450678855_-28dot626792822130998_-52dot91651945271053_-28dot576636479589805_742_67/eopatch_0_col-0_row-0,index 0 is out of bounds for axis 0 with size 0
227,/agrilearn_app/datasets/from_test_to_train/eopatch/input_model/start_2021-10-01_end_2022-06-01_monitoring_class_SOYBEAN_epsg4326_minxymaxxy_-53dot00564450678855_-28dot626792822130998_-52dot91651945271053_-28dot576636479589805_742_78/eopatch_0_col-0_row-0,index 0 is out of bounds for axis 0 with size 0
228,/agrilearn_app/datasets/from_test_to_train/eopatch/input_model/start_2021-10-01_end_2022-06-01_monitoring_class_SOYBEAN_epsg4326_minxymaxxy_-53dot00564450678855_-28dot626792822130998_-52dot91651945271053_-28dot576636479589805_742_215/eopatch_0_col-0_row-0,index 0 is out of bounds for axis 0 with size 0
229,/agrilearn_app/datasets/from_test_to_train/eopatch/input_model/start_2021-10-01_end_2022-06-01_monitoring_class_SOYBEAN_epsg4326_minxymaxxy_-53dot0726466486239_-29dot20458921162276_-53dot05468034352299_-29dot190993230353225_768_20/eopatch_0_col-0_row-0,index 0 is out of bounds for axis 0 with size 0
230,/agrilearn_app/datasets/from_test_to_train/eopatch/input_model/start_2021-10-01_end_2022-06-01_monitoring_class_SOYBEAN_epsg4326_minxymaxxy_-51dot83997841527162_-30dot178901970249687_-51dot83207323958828_-30dot1736917416805_787_1/eopatch_0_col-0_row-0,index 0 is out of bounds for axis 0 with size 0
231,/agrilearn_app/datasets/from_test_to_train/eopatch/input_model/start_2021-10-01_end_2022-06-01_monitoring_class_SOYBEAN_epsg4326_minxymaxxy_-53dot156921775819285_-32dot59493969061419_-53dot131743853995594_-32dot577881648619154_818_4/eopatch_0_col-0_row-0,index 0 is out of bounds for axis 0 with size 0
232,/agrilearn_app/datasets/from_test_to_train/eopatch/input_model/start_2021-10-01_end_2022-06-01_monitoring_class_SOYBEAN_epsg4326_minxymaxxy_-53dot156921775819285_-32dot59493969061419_-53dot131743853995594_-32dot577881648619154_818_6/eopatch_0_col-0_row-0,index 0 is out of bounds for axis 0 with size 0
233,/agrilearn_app/datasets/from_test_to_train/eopatch/input_model/start_2021-10-01_end_2022-06-01_monitoring_class_SOYBEAN_epsg4326_minxymaxxy_-53dot156921775819285_-32dot59493969061419_-53dot131743853995594_-32dot577881648619154_818_10/eopatch_0_col-0_row-0,index 0 is out of bounds for axis 0 with size 0
234,/agrilearn_app/datasets/from_test_to_train/eopatch/input_model/start_2021-10-01_end_2022-06-01_monitoring_class_SOYBEAN_epsg4326_minxymaxxy_-53dot156921775819285_-32dot59493969061419_-53dot131743853995594_-32dot577881648619154_818_13/eopatch_0_col-0_row-0,index 0 is out of bounds for axis 0 with size 0
235,/agrilearn_app/datasets/from_test_to_train/eopatch/input_model/start_2021-10-01_end_2022-06-01_monitoring_class_SOYBEAN_epsg4326_minxymaxxy_-53dot156921775819285_-32dot59493969061419_-53dot131743853995594_-32dot577881648619154_818_15/eopatch_0_col-0_row-0,index 0 is out of bounds for axis 0 with size 0
236,/agrilearn_app/datasets/from_test_to_train/eopatch/input_model/start_2020-09-01_end_2021-05-01_monitoring_class_SOYBEAN_epsg4326_minxymaxxy_-52dot82989057578941_-19dot046864909887628_-52dot804948000249965_-19dot02963181305768_841_2/eopatch_0_col-0_row-0,index 0 is out of bounds for axis 0 with size 0
237,/agrilearn_app/datasets/from_test_to_train/eopatch/input_model/start_2020-09-01_end_2021-05-01_monitoring_class_SOYBEAN_epsg4326_minxymaxxy_-52dot82989057578941_-19dot046864909887628_-52dot804948000249965_-19dot02963181305768_841_4/eopatch_0_col-0_row-0,index 0 is out of bounds for axis 0 with size 0
238,/agrilearn_app/datasets/from_test_to_train/eopatch/input_model/start_2020-09-01_end_2021-05-01_monitoring_class_SOYBEAN_epsg4326_minxymaxxy_-52dot82989057578941_-19dot046864909887628_-52dot804948000249965_-19dot02963181305768_841_7/eopatch_0_col-0_row-0,index 0 is out of bounds for axis 0 with size 0
239,/agrilearn_app/datasets/from_test_to_train/eopatch/input_model/start_2020-09-01_end_2021-05-01_monitoring_class_SOYBEAN_epsg4326_minxymaxxy_-53dot14429369619705_-22dot40441867508173_-53dot13569194522705_-22dot395959693285192_851_3/eopatch_0_col-0_row-0,index 0 is out of bounds for axis 0 with size 0
240,/agrilearn_app/datasets/from_test_to_train/eopatch/input_model/start_2021-09-01_end_2022-05-01_monitoring_class_SOYBEAN_epsg4326_minxymaxxy_-55dot42331347683545_-23dot884057813217453_-55dot359179261313834_-23dot819536351421444_859_20/eopatch_0_col-0_row-0,index 0 is out of bounds for axis 0 with size 0
241,/agrilearn_app/datasets/from_test_to_train/eopatch/input_model/start_2020-09-01_end_2021-05-01_monitoring_class_SOYBEAN_epsg4326_minxymaxxy_-59dot24446542843675_-15dot070142773669998_-59dot240446147771486_-15dot057677914703964_900_1/eopatch_0_col-0_row-0,index 0 is out of bounds for axis 0 with size 0
242,/agrilearn_app/datasets/from_test_to_train/eopatch/input_model/start_2020-09-01_end_2021-05-01_monitoring_class_SOYBEAN_epsg4326_minxymaxxy_-56dot684954610966486_-16dot023426619243025_-56dot67780427314864_-16dot016431005286616_919_2/eopatch_0_col-0_row-0,index 0 is out of bounds for axis 0 with size 0
243,/agrilearn_app/datasets/from_test_to_train/eopatch/input_model/start_2020-10-01_end_2021-05-01_monitoring_class_SOYBEAN_epsg4326_minxymaxxy_-48dot95423410631889_-13dot056205345400315_-48dot94393130928245_-13dot04532047116277_946_1/eopatch_0_col-0_row-0,index 0 is out of bounds for axis 0 with size 0
244,/agrilearn_app/datasets/from_test_to_train/eopatch/input_model/start_2020-10-01_end_2021-05-01_monitoring_class_SOYBEAN_epsg4326_minxymaxxy_-48dot95423410631889_-13dot056205345400315_-48dot94393130928245_-13dot04532047116277_946_2/eopatch_0_col-0_row-0,index 0 is out of bounds for axis 0 with size 0
245,/agrilearn_app/datasets/from_test_to_train/eopatch/input_model/start_2020-10-01_end_2021-05-01_monitoring_class_SOYBEAN_epsg4326_minxymaxxy_-49dot165393949671_-15dot222312650408469_-49dot15367754698116_-15dot213828358092194_953_4/eopatch_0_col-0_row-0,index 0 is out of bounds for axis 0 with size 0
246,/agrilearn_app/datasets/from_test_to_train/eopatch/input_model/start_2021-10-01_end_2022-05-01_monitoring_class_SOYBEAN_epsg4326_minxymaxxy_-48dot92367958494486_-16dot478679511650117_-48dot918965549220665_-16dot473003428865127_966_0/eopatch_0_col-0_row-0,index 0 is out of bounds for axis 0 with size 0
247,/agrilearn_app/datasets/from_test_to_train/eopatch/input_model/start_2020-10-01_end_2021-05-01_monitoring_class_SOYBEAN_epsg4326_minxymaxxy_-50dot52389312576707_-18dot44716805905864_-50dot5195816283894_-18dot436857955929895_994_2/eopatch_0_col-0_row-0,index 0 is out of bounds for axis 0 with size 0
248,/agrilearn_app/datasets/from_test_to_train/eopatch/input_model/start_2022-04-01_end_2022-11-01_monitoring_class_SOYBEAN_epsg4326_minxymaxxy_-61dot127107216824584_2dot7369183742836185_-61dot08281678236858_2dot7779501323927325_31_4/eopatch_0_col-0_row-0,index 0 is out of bounds for axis 0 with size 0
249,/agrilearn_app/datasets/from_test_to_train/eopatch/input_model/start_2020-10-01_end_2021-07-01_monitoring_class_SOYBEAN_epsg4326_minxymaxxy_-46dot79325307546901_-4dot804043625512861_-46dot745853898738396_-4dot760491232284493_117_14/eopatch_0_col-0_row-0,index 0 is out of bounds for axis 0 with size 0
250,/agrilearn_app/datasets/from_test_to_train/eopatch/input_model/start_2020-10-01_end_2021-07-01_monitoring_class_SOYBEAN_epsg4326_minxymaxxy_-44dot50985050729502_-6dot7477970511928875_-44dot49930092459795_-6dot740206363033166_144_1/eopatch_0_col-0_row-0,index 0 is out of bounds for axis 0 with size 0
251,/agrilearn_app/datasets/from_test_to_train/eopatch/input_model/start_2021-10-01_end_2022-06-01_monitoring_class_SOYBEAN_epsg4326_minxymaxxy_-42dot08706140186217_-4dot307205469256929_-42dot07094301470829_-4dot2951668403773615_157_2/eopatch_0_col-0_row-0,index 0 is out of bounds for axis 0 with size 0
252,/agrilearn_app/datasets/from_test_to_train/eopatch/input_model/start_2021-10-01_end_2022-06-01_monitoring_class_SOYBEAN_epsg4326_minxymaxxy_-44dot841527851429134_-9dot471677287276915_-44dot81855470573503_-9dot453921369575482_169_1/eopatch_0_col-0_row-0,index 0 is out of bounds for axis 0 with size 0
253,/agrilearn_app/datasets/from_test_to_train/eopatch/input_model/start_2020-10-01_end_2021-06-01_monitoring_class_SOYBEAN_epsg4326_minxymaxxy_-45dot56318063178071_-10dot218143029277314_-45dot553606850375786_-10dot204575102359055_171_3/eopatch_0_col-0_row-0,index 0 is out of bounds for axis 0 with size 0
254,/agrilearn_app/datasets/from_test_to_train/eopatch/input_model/start_2021-10-01_end_2022-06-01_monitoring_class_SOYBEAN_epsg4326_minxymaxxy_-53dot00564450678855_-28dot626792822130998_-52dot91651945271053_-28dot576636479589805_742_64/eopatch_0_col-0_row-0,index 0 is out of bounds for axis 0 with size 0
255,/agrilearn_app/datasets/from_test_to_train/eopatch/input_model/start_2021-10-01_end_2022-06-01_monitoring_class_SOYBEAN_epsg4326_minxymaxxy_-53dot00564450678855_-28dot626792822130998_-52dot91651945271053_-28dot576636479589805_742_158/eopatch_0_col-0_row-0,index 0 is out of bounds for axis 0 with size 0
256,/agrilearn_app/datasets/from_test_to_train/eopatch/input_model/start_2020-10-01_end_2021-06-01_monitoring_class_SOYBEAN_epsg4326_minxymaxxy_-53dot05593798425054_-32dot95631316492057_-53dot03689369958454_-32dot94589270688288_821_3/eopatch_0_col-0_row-0,index 0 is out of bounds for axis 0 with size 0
257,/agrilearn_app/datasets/from_test_to_train/eopatch/input_model/start_2021-10-01_end_2022-05-01_monitoring_class_SOYBEAN_epsg4326_minxymaxxy_-51dot62368179457911_-15dot926071536372262_-51dot61591055492812_-15dot91790514900339_945_1/eopatch_0_col-0_row-0,index 0 is out of bounds for axis 0 with size 0
